{"cameraMode":{"drawMode":0,"name":"Shaded","section":"Shading Mode"},"sceneLighting":false,"audioPlay":false,"sceneViewState":{"m_AlwaysRefresh":false,"showFog":true,"showSkybox":false,"showFlares":true,"showImageEffects":true,"showParticleSystems":true,"showVisualEffectGraphs":true,"m_FxEnabled":true},"in2DMode":false,"pivot":{"x":163.9690399169922,"y":293.06463623046877,"z":-3.5996017456054689},"rotation":{"x":0.3873348832130432,"y":0.07124750316143036,"z":-0.03003900684416294,"w":0.9186934232711792},"size":2.5931389331817629,"orthographic":false}