{"cameraMode":{"drawMode":0,"name":"Shaded","section":"Shading Mode"},"sceneLighting":false,"audioPlay":false,"sceneViewState":{"m_AlwaysRefresh":false,"showFog":true,"showSkybox":false,"showFlares":true,"showImageEffects":true,"showParticleSystems":true,"showVisualEffectGraphs":true,"m_FxEnabled":true},"in2DMode":false,"pivot":{"x":169.8000030517578,"y":239.83999633789063,"z":16.200000762939454},"rotation":{"x":0.5579134225845337,"y":0.11003204435110092,"z":-0.07490472495555878,"w":0.8191814422607422},"size":4.412387847900391,"orthographic":true}