{"cameraMode":{"drawMode":0,"name":"Shaded","section":"Shading Mode"},"sceneLighting":true,"audioPlay":false,"sceneViewState":{"m_AlwaysRefresh":false,"showFog":true,"showSkybox":true,"showFlares":true,"showImageEffects":true,"showParticleSystems":true,"showVisualEffectGraphs":true,"m_FxEnabled":true},"in2DMode":false,"pivot":{"x":19.86473274230957,"y":-5.502895355224609,"z":47.2419319152832},"rotation":{"x":0.5340836048126221,"y":0.0012815524823963643,"z":-0.0007855924777686596,"w":0.8454768657684326},"size":30.488435745239259,"orthographic":true}