{"cameraMode":{"drawMode":0,"name":"Shaded","section":"Shading Mode"},"sceneLighting":true,"audioPlay":false,"sceneViewState":{"m_AlwaysRefresh":false,"showFog":true,"showSkybox":true,"showFlares":true,"showImageEffects":true,"showParticleSystems":true,"showVisualEffectGraphs":true,"m_FxEnabled":true},"in2DMode":false,"pivot":{"x":35.400001525878909,"y":1.6799999475479127,"z":16.299999237060548},"rotation":{"x":-0.16422411799430848,"y":0.6947310566902161,"z":-0.1678004264831543,"w":-0.6798869967460632},"size":0.8660253882408142,"orthographic":true}