{"cameraMode":{"drawMode":0,"name":"Shaded","section":"Shading Mode"},"sceneLighting":true,"audioPlay":false,"sceneViewState":{"m_AlwaysRefresh":false,"showFog":true,"showSkybox":true,"showFlares":true,"showImageEffects":true,"showParticleSystems":true,"showVisualEffectGraphs":true,"m_FxEnabled":true},"in2DMode":false,"pivot":{"x":5.512306213378906,"y":1.2125346660614014,"z":0.871794581413269},"rotation":{"x":0.06526999175548554,"y":-0.14379079639911652,"z":0.009478690102696419,"w":0.9874396324157715},"size":2.2639715671539308,"orthographic":true}