{"cameraMode":{"drawMode":0,"name":"Shaded","section":"Shading Mode"},"sceneLighting":true,"audioPlay":false,"sceneViewState":{"m_AlwaysRefresh":false,"showFog":true,"showSkybox":true,"showFlares":true,"showImageEffects":true,"showParticleSystems":true,"showVisualEffectGraphs":true,"m_FxEnabled":true},"in2DMode":false,"pivot":{"x":26.26927375793457,"y":3.0720250606536867,"z":43.998023986816409},"rotation":{"x":0.2113523632287979,"y":0.24196915328502656,"z":-0.0540371872484684,"w":0.9455579519271851},"size":13.069973945617676,"orthographic":true}