{"cameraMode":{"drawMode":0,"name":"Shaded","section":"Shading Mode"},"sceneLighting":true,"audioPlay":false,"sceneViewState":{"m_AlwaysRefresh":false,"showFog":true,"showSkybox":true,"showFlares":true,"showImageEffects":true,"showParticleSystems":true,"showVisualEffectGraphs":true,"m_FxEnabled":true},"in2DMode":false,"pivot":{"x":17.649484634399415,"y":-3.1580657958984377,"z":44.05609130859375},"rotation":{"x":0.08238369226455689,"y":-0.024812081828713418,"z":0.002061671344563365,"w":0.9963186979293823},"size":7.450106620788574,"orthographic":true}