{"cameraMode":{"drawMode":0,"name":"Shaded","section":"Shading Mode"},"sceneLighting":true,"audioPlay":false,"sceneViewState":{"m_AlwaysRefresh":false,"showFog":true,"showSkybox":true,"showFlares":true,"showImageEffects":true,"showParticleSystems":true,"showVisualEffectGraphs":true,"m_FxEnabled":true},"in2DMode":false,"pivot":{"x":55.45000076293945,"y":0.2900000214576721,"z":43.849998474121097},"rotation":{"x":0.32419446110725405,"y":-0.06236361712217331,"z":0.021457942202687265,"w":0.9437224268913269},"size":13.084172248840332,"orthographic":true}