{"cameraMode":{"drawMode":0,"name":"Shaded","section":"Shading Mode"},"sceneLighting":true,"audioPlay":false,"sceneViewState":{"m_AlwaysRefresh":false,"showFog":true,"showSkybox":true,"showFlares":true,"showImageEffects":true,"showParticleSystems":true,"showVisualEffectGraphs":true,"m_FxEnabled":true},"in2DMode":false,"pivot":{"x":62.338340759277347,"y":1.6738126277923585,"z":48.773826599121097},"rotation":{"x":0.16849276423454286,"y":0.1886042058467865,"z":-0.03279988840222359,"w":0.9669898152351379},"size":12.48121452331543,"orthographic":true}