{"cameraMode":{"drawMode":0,"name":"Shaded","section":"Shading Mode"},"sceneLighting":true,"audioPlay":false,"sceneViewState":{"m_AlwaysRefresh":false,"showFog":true,"showSkybox":true,"showFlares":true,"showImageEffects":true,"showParticleSystems":true,"showVisualEffectGraphs":true,"m_FxEnabled":true},"in2DMode":false,"pivot":{"x":36.562503814697269,"y":0.4865614175796509,"z":45.383724212646487},"rotation":{"x":0.4469154477119446,"y":-0.024687256664037706,"z":0.012337999418377877,"w":0.8941611051559448},"size":16.29193687438965,"orthographic":true}