{"cameraMode":{"drawMode":0,"name":"Shaded","section":"Shading Mode"},"sceneLighting":false,"audioPlay":false,"sceneViewState":{"m_AlwaysRefresh":false,"showFog":false,"showSkybox":false,"showFlares":false,"showImageEffects":false,"showParticleSystems":false,"showVisualEffectGraphs":true,"m_FxEnabled":true},"in2DMode":false,"pivot":{"x":-0.018458783626556398,"y":0.9255398511886597,"z":0.023835182189941407},"rotation":{"x":0.19469588994979859,"y":0.21781165897846223,"z":-0.04425789415836334,"w":0.95541912317276},"size":1.4292550086975098,"orthographic":true}